少女庄周,2112490246,http://music.163.com/album?id=182030578
少女庄周 (伴奏),2112488570,http://music.163.com/album?id=182030578
愚人歌,2106094438,http://music.163.com/album?id=180554367
愚人歌(伴奏),2106095339,http://music.163.com/album?id=180554367
夜国,2100253861,http://music.163.com/album?id=179176449
夜国(伴奏),2100253472,http://music.163.com/album?id=179176449
扶摇一梦,2098160310,http://music.163.com/album?id=178685410
扶摇一梦 (伴奏),2098161089,http://music.163.com/album?id=178685410
沧海飞尘,2094118217,http://music.163.com/album?id=177720138
沧海飞尘 (伴奏),2094120767,http://music.163.com/album?id=177720138
眠花去,2083170506,http://music.163.com/album?id=175010277
眠花去 (伴奏),2083171740,http://music.163.com/album?id=175010277
肚儿饿,2061000837,http://music.163.com/album?id=168865054
此生不止,2061000850,http://music.163.com/album?id=168865054
此生不止 (伴奏),2060999208,http://music.163.com/album?id=168865054
你一生的大雨,2061000859,http://music.163.com/album?id=168865054
你一生的大雨 (伴奏),2061000849,http://music.163.com/album?id=168865054
船儿摇过海,2094445560,http://music.163.com/album?id=168865054
快雪,2055851158,http://music.163.com/album?id=167671530
快雪 (伴奏),2055851159,http://music.163.com/album?id=167671530
拇指姑娘,2061929226,http://music.163.com/album?id=169113087
小意达的花,2061931943,http://music.163.com/album?id=169113087
徒然梦,2055590108,http://music.163.com/album?id=169113087
匆匆楼台,2059512630,http://music.163.com/album?id=169113087
拇指姑娘 (伴奏),2061929232,http://music.163.com/album?id=169113087
小意达的花 (伴奏),2061929234,http://music.163.com/album?id=169113087
徒然梦 (伴奏),2055586567,http://music.163.com/album?id=169113087
匆匆楼台 (伴奏),2059509621,http://music.163.com/album?id=169113087
春读,2040037804,http://music.163.com/album?id=163853185
春读 (伴奏),2040037805,http://music.163.com/album?id=163853185
三过门,2021132832,http://music.163.com/album?id=162604001
茉莉花,2013109760,http://music.163.com/album?id=162604001
宽窄巷,2024331547,http://music.163.com/album?id=162604001
三过门 (伴奏),2021131990,http://music.163.com/album?id=162604001
茉莉花 (伴奏),2013109761,http://music.163.com/album?id=162604001
宽窄巷 (伴奏),2024332972,http://music.163.com/album?id=162604001
天意安排,2032149508,http://music.163.com/album?id=162191756
天意安排 (和声伴奏),2032149509,http://music.163.com/album?id=162191756
过空门,2023967864,http://music.163.com/album?id=160397497
过空门 (伴奏),2023967076,http://music.163.com/album?id=160397497
月下逢君,2011541073,http://music.163.com/album?id=157564969
月下逢君 (伴奏),2011541074,http://music.163.com/album?id=157564969
凡尘与你,2012396254,http://music.163.com/album?id=157764884
无尽,2012396888,http://music.163.com/album?id=157764884
无心,2012396255,http://music.163.com/album?id=157764884
自古英雄出少年,2012396256,http://music.163.com/album?id=157764884
少年歌行,2012396889,http://music.163.com/album?id=157764884
肆意江湖,2012396890,http://music.163.com/album?id=157764884
侠骨柔情,2012396257,http://music.163.com/album?id=157764884
侠义之道,2012396891,http://music.163.com/album?id=157764884
剑霜情藏,2012396258,http://music.163.com/album?id=157764884
师徒之情,2012396259,http://music.163.com/album?id=157764884
插科打诨,2012396260,http://music.163.com/album?id=157764884
暗河之晦,2012396892,http://music.163.com/album?id=157764884
威灵之怒,2012396893,http://music.163.com/album?id=157764884
升平之世,2012396261,http://music.163.com/album?id=157764884
风起云涌,2012396894,http://music.163.com/album?id=157764884
神秘莫测,2012396895,http://music.163.com/album?id=157764884
快意恩仇,2012396262,http://music.163.com/album?id=157764884
远岫壶觞,2012396896,http://music.163.com/album?id=157764884
寒炉美酒,2012396897,http://music.163.com/album?id=157764884
行思坐筹,2012396898,http://music.163.com/album?id=157764884
意气风发,2012396899,http://music.163.com/album?id=157764884
雷霆一击,2012396900,http://music.163.com/album?id=157764884
运筹帷幄,2012396263,http://music.163.com/album?id=157764884
剑舞神扬,2012396901,http://music.163.com/album?id=157764884
凡尘与你 (伴奏),2012396264,http://music.163.com/album?id=157764884
无尽 (伴奏),2012396902,http://music.163.com/album?id=157764884
无心 (伴奏),2012396903,http://music.163.com/album?id=157764884
自古英雄出少年 (伴奏),2012396265,http://music.163.com/album?id=157764884
月下逢君,2011531873,http://music.163.com/album?id=157563221
月下逢君 (伴奏),2011531874,http://music.163.com/album?id=157563221
凡尘与你,2011880833,http://music.163.com/album?id=157640038
凡尘与你 (伴奏),2011880834,http://music.163.com/album?id=157640038
窗前明月光,1998394845,http://music.163.com/album?id=154904935
见夏如晤,1998394846,http://music.163.com/album?id=154904935
日出前起飞,1976507904,http://music.163.com/album?id=154904935
Drive Until Sunset,1998368462,http://music.163.com/album?id=154904935
窗前明月光 (伴奏),1998393875,http://music.163.com/album?id=154904935
见夏如晤 (伴奏),1998393876,http://music.163.com/album?id=154904935
日出前起飞 (伴奏),1976507905,http://music.163.com/album?id=154904935
Drive Until Sunset (伴奏),1998368463,http://music.163.com/album?id=154904935
你是,1998355619,http://music.163.com/album?id=154900158
眉南边,1998355620,http://music.163.com/album?id=154900158
一命矣,1998358566,http://music.163.com/album?id=154900158
你是 (伴奏),1998358567,http://music.163.com/album?id=154900158
眉南边 (伴奏),1998355621,http://music.163.com/album?id=154900158
一命矣 (伴奏),1998355622,http://music.163.com/album?id=154900158
万有引力,1992083084,http://music.163.com/album?id=153723990
万有引力 (伴奏),1992083085,http://music.163.com/album?id=153723990
枕万梦,1982680783,http://music.163.com/album?id=151835973
枕万梦 (伴奏),1982680784,http://music.163.com/album?id=151835973
天地行,1894013582,http://music.163.com/album?id=135979650
天地行 (TV SIZE),1894018377,http://music.163.com/album?id=135979650
天地行 (和声版伴奏),1894018375,http://music.163.com/album?id=135979650
天地行 (纯乐器版伴奏),1894018376,http://music.163.com/album?id=135979650
落英,1948125134,http://music.163.com/album?id=135979650
归期,1971054019,http://music.163.com/album?id=135979650
归期 (伴奏),1981028006,http://music.163.com/album?id=135979650
世间重归太平,1976908363,http://music.163.com/album?id=150652943
落魄天神,1976907329,http://music.163.com/album?id=150652943
逍遥蓬莱岛,1976908364,http://music.163.com/album?id=150652943
我要钱又不要命,1976908365,http://music.163.com/album?id=150652943
放，还是不放,1976907330,http://music.163.com/album?id=150652943
逃出加气船,1976908366,http://music.163.com/album?id=150652943
方壶赌坊,1976907331,http://music.163.com/album?id=150652943
牧童小笛,1976908367,http://music.163.com/album?id=150652943
酒香入伎坊,1976908368,http://music.163.com/album?id=150652943
复仇之计,1976908369,http://music.163.com/album?id=150652943
大漠瀛洲,1976908370,http://music.163.com/album?id=150652943
余音绕梁伤心辞,1976908371,http://music.163.com/album?id=150652943
思绪,1976908372,http://music.163.com/album?id=150652943
二十贯,1976908373,http://music.163.com/album?id=150652943
劫狱！当否？,1976908374,http://music.163.com/album?id=150652943
是敌，非友,1976907332,http://music.163.com/album?id=150652943
悲歌,1976908375,http://music.163.com/album?id=150652943
穿梭到长安,1976908376,http://music.163.com/album?id=150652943
今我不乐，岁月如驰,1976907333,http://music.163.com/album?id=150652943
玄鸟躁动,1976907334,http://music.163.com/album?id=150652943
巫山神女的阴谋,1976908377,http://music.163.com/album?id=150652943
思念,1976908378,http://music.163.com/album?id=150652943
破碎的往昔,1976907335,http://music.163.com/album?id=150652943
点点星火，都是我,1976907336,http://music.163.com/album?id=150652943
受困太极幻象,1976908379,http://music.163.com/album?id=150652943
宝莲灯护体,1976908380,http://music.163.com/album?id=150652943
今夕何夕(片中版）,1976907337,http://music.163.com/album?id=150652943
今夕何夕(童声版）,1976908381,http://music.163.com/album?id=150652943
劈开山,1976908382,http://music.163.com/album?id=150652943
想念你，母亲,1976907338,http://music.163.com/album?id=150652943
洛神赋,1976907339,http://music.163.com/album?id=150652943
听风吟,1976908383,http://music.163.com/album?id=150652943
世间重归太平,1974622507,http://music.163.com/album?id=150160082
落魄天神,1974621560,http://music.163.com/album?id=150160082
逍遥蓬莱岛,1974621561,http://music.163.com/album?id=150160082
我要钱又不要命,1974622508,http://music.163.com/album?id=150160082
放，还是不放,1974621562,http://music.163.com/album?id=150160082
逃出加气船,1974622509,http://music.163.com/album?id=150160082
方壶赌坊,1974622510,http://music.163.com/album?id=150160082
牧童小笛,1974622511,http://music.163.com/album?id=150160082
酒香入伎坊,1974622512,http://music.163.com/album?id=150160082
复仇之计,1974621563,http://music.163.com/album?id=150160082
大漠瀛洲,1974622513,http://music.163.com/album?id=150160082
余音绕梁伤心辞,1974621564,http://music.163.com/album?id=150160082
思绪,1974622514,http://music.163.com/album?id=150160082
二十贯,1974622515,http://music.163.com/album?id=150160082
劫狱！当否？,1974621565,http://music.163.com/album?id=150160082
是敌，非友,1974621566,http://music.163.com/album?id=150160082
悲歌,1974622516,http://music.163.com/album?id=150160082
今我不乐，岁月如驰,1974621567,http://music.163.com/album?id=150160082
玄鸟躁动,1974622517,http://music.163.com/album?id=150160082
巫山神女的阴谋,1974621568,http://music.163.com/album?id=150160082
思念,1974621569,http://music.163.com/album?id=150160082
破碎的往昔,1974622518,http://music.163.com/album?id=150160082
点点星火，都是我,1974621570,http://music.163.com/album?id=150160082
受困太极幻象,1974622519,http://music.163.com/album?id=150160082
宝莲灯护体,1974622520,http://music.163.com/album?id=150160082
法天象地,1974622521,http://music.163.com/album?id=150160082
今夕何夕,1974621571,http://music.163.com/album?id=150160082
劈开山,1974621572,http://music.163.com/album?id=150160082
想念你，母亲,1974621573,http://music.163.com/album?id=150160082
洛神赋,1974622522,http://music.163.com/album?id=150160082
逍遥决,1974621574,http://music.163.com/album?id=150160082
听风吟,1974621575,http://music.163.com/album?id=150160082
传刀,1967256460,http://music.163.com/album?id=148711383
传刀（伴奏）,1967260775,http://music.163.com/album?id=148711383
春,1963344815,http://music.163.com/album?id=147994018
春,2024001955,http://music.163.com/album?id=147994018
不惜时光,1954053238,http://music.163.com/album?id=146135370
梦华,1954060786,http://music.163.com/album?id=146135370
今夕是何年,1954053239,http://music.163.com/album?id=146135370
红杏枝头春意闹,1954053240,http://music.163.com/album?id=146135370
念念,1954060787,http://music.163.com/album?id=146135370
不惜时光 (伴奏),1954053241,http://music.163.com/album?id=146135370
梦华 (伴奏),1954060788,http://music.163.com/album?id=146135370
今夕是何年 (伴奏),1954053242,http://music.163.com/album?id=146135370
红杏枝头春意闹 (伴奏),1954060789,http://music.163.com/album?id=146135370
念念 (伴奏),1954053243,http://music.163.com/album?id=146135370
珍馐记,1939465109,http://music.163.com/album?id=143676953
吃货一枚,1939461537,http://music.163.com/album?id=143676953
落尘,1939465110,http://music.163.com/album?id=143676953
七夕,1939461538,http://music.163.com/album?id=143676953
七夕,1939461539,http://music.163.com/album?id=143676953
七夕,1939465111,http://music.163.com/album?id=143676953
爱情,1939461540,http://music.163.com/album?id=143676953
悲伤,1939465112,http://music.163.com/album?id=143676953
悲伤2,1939461541,http://music.163.com/album?id=143676953
被发现,1939461542,http://music.163.com/album?id=143676953
不高兴,1939461543,http://music.163.com/album?id=143676953
不协和,1939465113,http://music.163.com/album?id=143676953
初见面,1939461544,http://music.163.com/album?id=143676953
厨房的吃货,1939461545,http://music.163.com/album?id=143676953
低落 (简单的钢琴),1939465114,http://music.163.com/album?id=143676953
调皮,1939461546,http://music.163.com/album?id=143676953
调皮的爱情,1939461547,http://music.163.com/album?id=143676953
斗厨,1939461548,http://music.163.com/album?id=143676953
斗厨2,1939461549,http://music.163.com/album?id=143676953
对峙,1939461550,http://music.163.com/album?id=143676953
钢琴,1939465115,http://music.163.com/album?id=143676953
搞笑,1939465116,http://music.163.com/album?id=143676953
搞笑2,1939465117,http://music.163.com/album?id=143676953
搞笑3,1939465118,http://music.163.com/album?id=143676953
搞笑4,1939461551,http://music.163.com/album?id=143676953
搞笑5,1939461552,http://music.163.com/album?id=143676953
告别皇后,1939461553,http://music.163.com/album?id=143676953
公主回宫,1939461554,http://music.163.com/album?id=143676953
古灵精怪A,1939461555,http://music.163.com/album?id=143676953
古灵精怪B,1939461556,http://music.163.com/album?id=143676953
鼓,1939461557,http://music.163.com/album?id=143676953
鬼故事,1939465119,http://music.163.com/album?id=143676953
贵妃被罚,1939465120,http://music.163.com/album?id=143676953
憨憨的老板,1939465121,http://music.163.com/album?id=143676953
好玩的,1939461558,http://music.163.com/album?id=143676953
黑暗,1939465122,http://music.163.com/album?id=143676953
化妆,1939461559,http://music.163.com/album?id=143676953
坏坏的,1939465123,http://music.163.com/album?id=143676953
欢快的做饭,1939461560,http://music.163.com/album?id=143676953
皇宫,1939465124,http://music.163.com/album?id=143676953
回忆,1939461561,http://music.163.com/album?id=143676953
回忆2,1939465125,http://music.163.com/album?id=143676953
回忆3,1939465126,http://music.163.com/album?id=143676953
回忆4,1939461562,http://music.163.com/album?id=143676953
吃货 (简易版),1939461563,http://music.163.com/album?id=143676953
简易版,1939461564,http://music.163.com/album?id=143676953
紧张,1939461565,http://music.163.com/album?id=143676953
快乐的厨神,1939461566,http://music.163.com/album?id=143676953
忙碌的小小A,1939461567,http://music.163.com/album?id=143676953
忙碌的小小B,1939461568,http://music.163.com/album?id=143676953
美食2,1939461569,http://music.163.com/album?id=143676953
美食A,1939465127,http://music.163.com/album?id=143676953
美食B,1939465128,http://music.163.com/album?id=143676953
民以食为天,1939461570,http://music.163.com/album?id=143676953
七夕,1939465129,http://music.163.com/album?id=143676953
情绪低落,1939465130,http://music.163.com/album?id=143676953
三弦,1939465131,http://music.163.com/album?id=143676953
试菜,1939465132,http://music.163.com/album?id=143676953
太子,1939461571,http://music.163.com/album?id=143676953
太子出行,1939465133,http://music.163.com/album?id=143676953
太子看病,1939461572,http://music.163.com/album?id=143676953
太子吐血,1939461573,http://music.163.com/album?id=143676953
舞蹈,1939461574,http://music.163.com/album?id=143676953
小紧张,1939465134,http://music.163.com/album?id=143676953
心情不好,1939461576,http://music.163.com/album?id=143676953
选妃,1939465135,http://music.163.com/album?id=143676953
幽默,1939465136,http://music.163.com/album?id=143676953
幽默 (民乐),1939465137,http://music.163.com/album?id=143676953
幽默 (去鼓),1939465138,http://music.163.com/album?id=143676953
抓鸡,1939465139,http://music.163.com/album?id=143676953
珍馐记 (伴奏),1939461577,http://music.163.com/album?id=143676953
吃货一枚 (伴奏),1939465140,http://music.163.com/album?id=143676953
落尘 (伴奏),1939461578,http://music.163.com/album?id=143676953
七夕 (伴奏),1939465141,http://music.163.com/album?id=143676953
七夕 (伴奏),1939465142,http://music.163.com/album?id=143676953
七夕 (伴奏),1939465143,http://music.163.com/album?id=143676953
游园惊梦,1924224080,http://music.163.com/album?id=141089866
念归去,1954704559,http://music.163.com/album?id=146266528
爱若无声,1954704560,http://music.163.com/album?id=146266528
不为欢喜,1954709853,http://music.163.com/album?id=146266528
我是你的雨,1954704561,http://music.163.com/album?id=146266528
无惧,1954709854,http://music.163.com/album?id=146266528
问酒,1954709855,http://music.163.com/album?id=146266528
相思不相忘,1954709856,http://music.163.com/album?id=146266528
风月唱,1954709857,http://music.163.com/album?id=146266528
念归去 (伴奏),1954704562,http://music.163.com/album?id=146266528
爱若无声 (伴奏),1954709858,http://music.163.com/album?id=146266528
不为欢喜 (伴奏),1954709859,http://music.163.com/album?id=146266528
我是你的雨 (伴奏),1954709860,http://music.163.com/album?id=146266528
无惧 (伴奏),1954709861,http://music.163.com/album?id=146266528
问酒 (伴奏),1954709862,http://music.163.com/album?id=146266528
相思不相忘 (伴奏),1954709863,http://music.163.com/album?id=146266528
风月唱 (伴奏),1954709864,http://music.163.com/album?id=146266528
碧落海,1954704563,http://music.163.com/album?id=146266528
星魂海誓,1954704564,http://music.163.com/album?id=146266528
镜塔下的誓约,1954709865,http://music.163.com/album?id=146266528
泉先之殇,1954704565,http://music.163.com/album?id=146266528
空心人,1954709866,http://music.163.com/album?id=146266528
两心为伴,1954709867,http://music.163.com/album?id=146266528
雪樱花开,1954704566,http://music.163.com/album?id=146266528
风隼空战,1954704567,http://music.163.com/album?id=146266528
落泪成珠,1954709868,http://music.163.com/album?id=146266528
皇天之子,1954704568,http://music.163.com/album?id=146266528
空桑战歌,1954704569,http://music.163.com/album?id=146266528
海魂,1954709869,http://music.163.com/album?id=146266528
天阙迷雾,1954709870,http://music.163.com/album?id=146266528
镜之乱,1954704570,http://music.163.com/album?id=146266528
海皇觉醒,1954709871,http://music.163.com/album?id=146266528
龙神,1954709872,http://music.163.com/album?id=146266528
冰山雪镜,1954709873,http://music.163.com/album?id=146266528
中州少女,1954709874,http://music.163.com/album?id=146266528
云之上,1954704571,http://music.163.com/album?id=146266528
七海连天,1954704572,http://music.163.com/album?id=146266528
离海,1954704573,http://music.163.com/album?id=146266528
镜湖月,1954709875,http://music.163.com/album?id=146266528
沙中花,1954709876,http://music.163.com/album?id=146266528
九屹迷踪,1954704574,http://music.163.com/album?id=146266528
星瀚云庭,1954704575,http://music.163.com/album?id=146266528
雪花,1906923748,http://music.163.com/album?id=138040113
以梦为裳,1879688675,http://music.163.com/album?id=133482374
以梦为裳 (小豆蔻版),1879688676,http://music.163.com/album?id=133482374
以梦为裳 (伴奏),1879688674,http://music.163.com/album?id=133482374
鱼雁说,1868173704,http://music.163.com/album?id=131544581
序・金山寺外,1864322201,http://music.163.com/album?id=130914070
水漫金山II,1864322202,http://music.163.com/album?id=130914070
青蛇劫起,1864322203,http://music.163.com/album?id=130914070
初入修罗幻境,1864322204,http://music.163.com/album?id=130914070
初劫・牛头护法,1864322205,http://music.163.com/album?id=130914070
牛头首领,1864322206,http://music.163.com/album?id=130914070
幽灵怪,1864322207,http://music.163.com/album?id=130914070
罗刹部落,1864322208,http://music.163.com/album?id=130914070
逃离，向万宜超市,1864324130,http://music.163.com/album?id=130914070
哟，又来客人啦,1864324131,http://music.163.com/album?id=130914070
无池・桃花妖,1864322209,http://music.163.com/album?id=130914070
火劫,1864322210,http://music.163.com/album?id=130914070
罗刹夜场 (Bonus Track),1864322211,http://music.163.com/album?id=130914070
罗刹之暗夜惨案,1864322212,http://music.163.com/album?id=130914070
水劫,1864322213,http://music.163.com/album?id=130914070
心事,1864322214,http://music.163.com/album?id=130914070
牛头舰队,1864322215,http://music.163.com/album?id=130914070
蒙面少年之化形,1864324132,http://music.163.com/album?id=130914070
小青的抉择,1864322216,http://music.163.com/album?id=130914070
战法海之初回,1864322217,http://music.163.com/album?id=130914070
战法海之终局,1864324133,http://music.163.com/album?id=130914070
如果桥,1864322218,http://music.163.com/album?id=130914070
终极之战,1864322219,http://music.163.com/album?id=130914070
诀别II,1864324134,http://music.163.com/album?id=130914070
玉碎的秘密,1864322220,http://music.163.com/album?id=130914070
摸鱼儿半阙・桃花妖,1864324135,http://music.163.com/album?id=130914070
问花,1864322221,http://music.163.com/album?id=130914070
流光飞舞 (国语版),1864324136,http://music.163.com/album?id=130914070
流光记,1833061520,http://music.163.com/album?id=125262389
青城山下白素贞,1828793046,http://music.163.com/album?id=124460276
青城山下白素贞 (伴奏),1828793048,http://music.163.com/album?id=124460276
无人生还,1824993713,http://music.163.com/album?id=123909099
无人生还（伴奏）,1824994667,http://music.163.com/album?id=123909099
春江无明月,1496851685,http://music.163.com/album?id=98561641
春江无明月（伴奏）,1496854033,http://music.163.com/album?id=98561641
数红,1479206865,http://music.163.com/album?id=95390403
数红 (伴奏),1479206867,http://music.163.com/album?id=95390403
数红 (和声伴奏),1479211069,http://music.163.com/album?id=95390403
无念,1470062260,http://music.163.com/album?id=93783458
无念 (伴奏),1470062261,http://music.163.com/album?id=93783458
花与酒,1467135593,http://music.163.com/album?id=93262043
花与酒 (和声伴奏),1467135614,http://music.163.com/album?id=93262043
琉璃,1465162316,http://music.163.com/album?id=92906740
迟迟,1471039808,http://music.163.com/album?id=92906740
终身成就,1483503477,http://music.163.com/album?id=92906740
西施江南,1483503478,http://music.163.com/album?id=92906740
无际涯,1483504393,http://music.163.com/album?id=92906740
玫瑰与泪,1483503492,http://music.163.com/album?id=92906740
美人灯,1483504365,http://music.163.com/album?id=92906740
白噪音,1483504366,http://music.163.com/album?id=92906740
海棠春睡,1483504368,http://music.163.com/album?id=92906740
记忘歌,1483504387,http://music.163.com/album?id=92906740
亲爱的瑞秋,1483504388,http://music.163.com/album?id=92906740
琉璃（伴奏）,1465163408,http://music.163.com/album?id=92906740
迟迟（伴奏）,1471039814,http://music.163.com/album?id=92906740
终身成就（伴奏）,1483512587,http://music.163.com/album?id=92906740
西施江南（伴奏）,1492138154,http://music.163.com/album?id=92906740
无际涯（伴奏）,1803382982,http://music.163.com/album?id=92906740
玫瑰与泪（伴奏）,1810388118,http://music.163.com/album?id=92906740
美人灯（伴奏）,1814412128,http://music.163.com/album?id=92906740
白噪音（伴奏）,1818668919,http://music.163.com/album?id=92906740
海棠春睡（伴奏）,1843966612,http://music.163.com/album?id=92906740
记忘歌（伴奏）,1843966622,http://music.163.com/album?id=92906740
亲爱的瑞秋（伴奏）,1850230700,http://music.163.com/album?id=92906740
青白,1449401941,http://music.163.com/album?id=89679829
玉簪记,1444148528,http://music.163.com/album?id=89679829
玉簪记Remix,1444148547,http://music.163.com/album?id=89679829
素问,1374273188,http://music.163.com/album?id=89679829
碧海问舟,1376648923,http://music.163.com/album?id=89679829
从前爱过一只小石猴,1481598165,http://music.163.com/album?id=89679829
青白 (伴奏),1453362737,http://music.163.com/album?id=89679829
玉簪记Remix (伴奏),1443047993,http://music.163.com/album?id=89679829
素问 (伴奏),1374272192,http://music.163.com/album?id=89679829
从前爱过一只小石猴 (伴奏),1481598166,http://music.163.com/album?id=89679829
云梦心曲,1446589028,http://music.163.com/album?id=89116054
人间纵月,1444090970,http://music.163.com/album?id=88658665
人间纵月 (伴奏),1444090972,http://music.163.com/album?id=88658665
迷画,1442587273,http://music.163.com/album?id=88314647
迷画 伴奏,1442587291,http://music.163.com/album?id=88314647
山居秋暝,1439379112,http://music.163.com/album?id=87855520
山居秋暝（伴奏）,1439379219,http://music.163.com/album?id=87855520
神木有灵（梦幻西游巫蛮儿同人曲）,1416193088,http://music.163.com/album?id=84910919
神木有灵（梦幻西游巫蛮儿同人曲） 伴奏,1416193104,http://music.163.com/album?id=84910919
旧友,1413401626,http://music.163.com/album?id=84633808
旧友 伴奏,1413412294,http://music.163.com/album?id=84633808
第五章 蜃景与活路,1410431810,http://music.163.com/album?id=84188484
柳仙儿,1410431817,http://music.163.com/album?id=84188484
柳仙儿 (伴奏),1410431818,http://music.163.com/album?id=84188484
柳仙儿 (和声伴奏),1410431819,http://music.163.com/album?id=84188484
鼎立山河,1407368475,http://music.163.com/album?id=83849129
焦骨,1406660567,http://music.163.com/album?id=83756625
焦骨 伴奏,1406653906,http://music.163.com/album?id=83756625
且笑红尘,1401909249,http://music.163.com/album?id=83065821
且笑红尘 (伴奏),1401919466,http://music.163.com/album?id=83065821
长安幻世绘,1397089890,http://music.163.com/album?id=82384873
长安幻世绘 伴奏,1397089896,http://music.163.com/album?id=82384873
玉剑掀澜,1395944439,http://music.163.com/album?id=82260043
玉剑掀澜 (伴奏),1395944440,http://music.163.com/album?id=82260043
玉剑掀澜 (和声伴奏),1395944442,http://music.163.com/album?id=82260043
是红,1367867672,http://music.163.com/album?id=81559999
超大只怪兽,1370939675,http://music.163.com/album?id=81559999
光,1374061870,http://music.163.com/album?id=81559999
人类之后,1377148920,http://music.163.com/album?id=81559999
月球,1380262781,http://music.163.com/album?id=81559999
带病旅行,1383205849,http://music.163.com/album?id=81559999
some random things,1386105456,http://music.163.com/album?id=81559999
是红 (伴奏),1367867684,http://music.163.com/album?id=81559999
超大只怪兽 (伴奏),1370940675,http://music.163.com/album?id=81559999
光 (伴奏),1374061873,http://music.163.com/album?id=81559999
人类之后 (伴奏),1377151132,http://music.163.com/album?id=81559999
月球 (伴奏),1380263183,http://music.163.com/album?id=81559999
带病旅行 (伴奏),1383211306,http://music.163.com/album?id=81559999
some random things (伴奏),1386103601,http://music.163.com/album?id=81559999
盗橘令,1389654852,http://music.163.com/album?id=81418891
醉梦前尘,1377064794,http://music.163.com/album?id=80314695
问琴,1377067579,http://music.163.com/album?id=80314695
不羡,1377064800,http://music.163.com/album?id=80314695
醉梦前尘 (伴奏),1377067590,http://music.163.com/album?id=80314695
问琴 (伴奏),1377064813,http://music.163.com/album?id=80314695
不羡 (伴奏),1377067591,http://music.163.com/album?id=80314695
醉梦前尘 (幽默版),1380084444,http://music.163.com/album?id=80314695
醉梦前尘 (琵琶版),1380084445,http://music.163.com/album?id=80314695
醉梦前尘 (笛子版),1380080943,http://music.163.com/album?id=80314695
问琴变奏 (幽默 笛子版),1380080944,http://music.163.com/album?id=80314695
问琴变奏 (幽默 琵琶版),1380084447,http://music.163.com/album?id=80314695
江澄驾到,1380091049,http://music.163.com/album?id=80314695
梦回前尘,1380084596,http://music.163.com/album?id=80314695
鬼之道,1380084599,http://music.163.com/album?id=80314695
传奇,1380084556,http://music.163.com/album?id=80314695
山洞战斗,1380084595,http://music.163.com/album?id=80314695
降妖,1380091123,http://music.163.com/album?id=80314695
情醉 二胡版,1380084593,http://music.163.com/album?id=80314695
情醉 笛子版,1380084613,http://music.163.com/album?id=80314695
神魔战,1380084612,http://music.163.com/album?id=80314695
魔决,1380091120,http://music.163.com/album?id=80314695
莲花坞,1380091119,http://music.163.com/album?id=80314695
断肠,1380091106,http://music.163.com/album?id=80314695
春意盎然,1380084557,http://music.163.com/album?id=80314695
姑苏夜,1380084597,http://music.163.com/album?id=80314695
冷泉,1380091124,http://music.163.com/album?id=80314695
清风徐来,1380091097,http://music.163.com/album?id=80314695
迷离,1380084619,http://music.163.com/album?id=80314695
如梦如幻,1380084592,http://music.163.com/album?id=80314695
名门正派,1380091095,http://music.163.com/album?id=80314695
决令,1380091126,http://music.163.com/album?id=80314695
梦随行,1380091121,http://music.163.com/album?id=80314695
乱葬岗,1380091098,http://music.163.com/album?id=80314695
道不同,1380084555,http://music.163.com/album?id=80314695
缥缈群山,1380084591,http://music.163.com/album?id=80314695
迷境无踪,1380091099,http://music.163.com/album?id=80314695
大是大非,1380091041,http://music.163.com/album?id=80314695
非天道,1380084598,http://music.163.com/album?id=80314695
绝望,1380091100,http://music.163.com/album?id=80314695
乐游,1380091103,http://music.163.com/album?id=80314695
击鼓而战,1380091105,http://music.163.com/album?id=80314695
莫家庄,1380091096,http://music.163.com/album?id=80314695
踱步回天,1380091102,http://music.163.com/album?id=80314695
叹沧桑,1380091091,http://music.163.com/album?id=80314695
时光荏苒 二胡B版,1380084608,http://music.163.com/album?id=80314695
丝竹缘,1380084590,http://music.163.com/album?id=80314695
时光荏苒 笛子,1380091115,http://music.163.com/album?id=80314695
受罚,1380091093,http://music.163.com/album?id=80314695
时光荏苒 琵琶,1380084611,http://music.163.com/album?id=80314695
时光荏苒 二胡,1380091122,http://music.163.com/album?id=80314695
思愁,1380091090,http://music.163.com/album?id=80314695
挑逗,1380084587,http://music.163.com/album?id=80314695
踏歌行,1380084618,http://music.163.com/album?id=80314695
危机四起,1380084609,http://music.163.com/album?id=80314695
温宁战斗,1380084589,http://music.163.com/album?id=80314695
温氏,1380084617,http://music.163.com/album?id=80314695
闻思,1380091089,http://music.163.com/album?id=80314695
无形,1380084586,http://music.163.com/album?id=80314695
希望,1380084585,http://music.163.com/album?id=80314695
小苹果,1380091068,http://music.163.com/album?id=80314695
戏如舞,1380084588,http://music.163.com/album?id=80314695
仙门斗,1380091086,http://music.163.com/album?id=80314695
仙魔战斗,1380091108,http://music.163.com/album?id=80314695
仙魔有道,1380091112,http://music.163.com/album?id=80314695
献舍,1380091085,http://music.163.com/album?id=80314695
校场,1380091074,http://music.163.com/album?id=80314695
喜上眉梢,1380091087,http://music.163.com/album?id=80314695
相识亦相知,1380091113,http://music.163.com/album?id=80314695
喜乐融融,1380084616,http://music.163.com/album?id=80314695
御敌,1380091051,http://music.163.com/album?id=80314695
夜不归,1380091101,http://music.163.com/album?id=80314695
意乱,1380091066,http://music.163.com/album?id=80314695
夜不归2,1380084569,http://music.163.com/album?id=80314695
幽默,1380091059,http://music.163.com/album?id=80314695
严厉,1380084570,http://music.163.com/album?id=80314695
夜不归3,1380091064,http://music.163.com/album?id=80314695
云深不知处,1380084604,http://music.163.com/album?id=80314695
玄门战,1380091069,http://music.163.com/album?id=80314695
召唤温宁,1380091110,http://music.163.com/album?id=80314695
御魂斗,1380084558,http://music.163.com/album?id=80314695
一念成仙,1380084602,http://music.163.com/album?id=80314695
镇魂曲,1380091109,http://music.163.com/album?id=80314695
厌离情,1380084600,http://music.163.com/album?id=80314695
浴血奋战,1380084568,http://music.163.com/album?id=80314695
夜归无常,1380091065,http://music.163.com/album?id=80314695
御鬼斗,1380091050,http://music.163.com/album?id=80314695
修罗,1380084620,http://music.163.com/album?id=80314695
心声,1380084606,http://music.163.com/album?id=80314695
闻妖,1376164050,http://music.163.com/album?id=80239999
闻妖（伴奏）,1381601587,http://music.163.com/album?id=80239999
金陵谣,1365695697,http://music.163.com/album?id=79167920
金陵谣（伴奏）,1365697502,http://music.163.com/album?id=79167920
穿山,1357006458,http://music.163.com/album?id=78351652
孔雀辞,1357005799,http://music.163.com/album?id=78351652
豹雪,1357006513,http://music.163.com/album?id=78351652
偏偏,1356585672,http://music.163.com/album?id=78328238
珍珠,1353531882,http://music.163.com/album?id=78143705
珍珠（伴奏）,1356953989,http://music.163.com/album?id=78143705
无题雪,1347541140,http://music.163.com/album?id=75644746
离家最近的路,1342592226,http://music.163.com/album?id=75351594
离家最近的路 (伴奏),1342578560,http://music.163.com/album?id=75351594
妙笔浮生,1335565331,http://music.163.com/album?id=74983915
风月本是故人心,1323302558,http://music.163.com/album?id=74267804
清梦人间,1323301580,http://music.163.com/album?id=74267804
虚花叹,1323302559,http://music.163.com/album?id=74267804
春风几度,1323303586,http://music.163.com/album?id=74267804
春花拥雪,1323303587,http://music.163.com/album?id=74267804
怀雪逐风,1323302560,http://music.163.com/album?id=74267804
繁花渐隐,1323301581,http://music.163.com/album?id=74267804
狐言,1323304643,http://music.163.com/album?id=74267804
浮云生死,1323303588,http://music.163.com/album?id=74267804
莫待江湖老,1323301582,http://music.163.com/album?id=74267804
流光记,1314438112,http://music.163.com/album?id=73695990
流光记（伴奏）,1314435773,http://music.163.com/album?id=73695990
澹月秋千,1307789423,http://music.163.com/album?id=72977006
澹月秋千 (伴奏),1307789424,http://music.163.com/album?id=72977006
可不可以 (伴奏),862098198,http://music.163.com/album?id=71614679
可以可以 (伴奏),862098199,http://music.163.com/album?id=71614679
可以可以,862099183,http://music.163.com/album?id=71614679
可不可以,862099184,http://music.163.com/album?id=71614679
千秋令,550995874,http://music.163.com/album?id=38239221
千秋令（伴奏）,552180675,http://music.163.com/album?id=38239221
大美江湖,526904376,http://music.163.com/album?id=37099154
大美江湖 (伴奏),526904377,http://music.163.com/album?id=37099154
青原樱（Cover 人衣大人）,520614783,http://music.163.com/album?id=36860017
云梦谣,514055103,http://music.163.com/album?id=36633016
云梦谣 (无念白版),514054098,http://music.163.com/album?id=36633016
飞行安全颂,509098907,http://music.163.com/album?id=36303677
灼,504685848,http://music.163.com/album?id=36165256
裁梦为魂,489092574,http://music.163.com/album?id=36165256
春笺,504686851,http://music.163.com/album?id=36165256
不离,504914212,http://music.163.com/album?id=36165256
如一,504686858,http://music.163.com/album?id=36165256
不老梦,421137682,http://music.163.com/album?id=36165256
青山揽梦,504685852,http://music.163.com/album?id=36165256
是风动,504686859,http://music.163.com/album?id=36165256
秋水,504686860,http://music.163.com/album?id=36165256
卑微情书,504685853,http://music.163.com/album?id=36165256
说余梦,504685854,http://music.163.com/album?id=36165256
裁梦为魂伴奏,491828354,http://music.163.com/album?id=36165256
灼（伴奏）,552182230,http://music.163.com/album?id=36165256
春笺（伴奏）,552176465,http://music.163.com/album?id=36165256
不离（伴奏）,552179170,http://music.163.com/album?id=36165256
不老梦 (伴奏),421885058,http://music.163.com/album?id=36165256
是风动（伴奏）,552178385,http://music.163.com/album?id=36165256
青山揽梦（伴奏）,552176581,http://music.163.com/album?id=36165256
如一（伴奏）,552179336,http://music.163.com/album?id=36165256
秋水（伴奏）,552179371,http://music.163.com/album?id=36165256
卑微情书（伴奏）,552183033,http://music.163.com/album?id=36165256
说余梦（伴奏）,552183045,http://music.163.com/album?id=36165256
花鸟卷 Remix,500359565,http://music.163.com/album?id=35993529
蚍蜉渡海全曲试听,492189982,http://music.163.com/album?id=35788912
笔底知交,484986691,http://music.163.com/album?id=35636692
红豆词,445845859,http://music.163.com/album?id=35044216
东风志（cover Aki阿杰）,435306744,http://music.163.com/album?id=34915322
锦瑟长思,461088103,http://music.163.com/album?id=35189839
有一封信?(Re-Arranged?Ver.）,432430758,http://music.163.com/album?id=34894749
有一封信?(Re-Arranged?Ver.)-?instrumental,453169703,http://music.163.com/album?id=34894749
狐言（cover 河图、洛天依）,412911546,http://music.163.com/album?id=34702195
有一封信,399341482,http://music.163.com/album?id=34400148
诗与岁月同歌,36471270,http://music.163.com/album?id=3314000
芳华旧,35678461,http://music.163.com/album?id=3314436
一梦逍遥,34057079,http://music.163.com/album?id=3270782
问剑逍遥,34057078,http://music.163.com/album?id=3270782
山海侧,33777290,http://music.163.com/album?id=3261094
山海侧(伴奏),33933068,http://music.163.com/album?id=3261094
雪舞,32432229,http://music.163.com/album?id=3159803
Don't Don't,32083846,http://music.163.com/album?id=3151443
牵丝戏,30352891,http://music.163.com/album?id=3098268
牵丝戏 (带伴唱伴奏),30474542,http://music.163.com/album?id=3098268
o沽寻梦,28188425,http://music.163.com/album?id=2742059
腐草为萤,28188426,http://music.163.com/album?id=2742059
Zodiac~黄道十二宫,28188429,http://music.163.com/album?id=2742059
棠梨煎雪,28188427,http://music.163.com/album?id=2742059
浮生辞,28188428,http://music.163.com/album?id=2742059
故城,28188431,http://music.163.com/album?id=2742059
洒拓歌,28188430,http://music.163.com/album?id=2742059
落梅笺,28188433,http://music.163.com/album?id=2742059
情囚,28188432,http://music.163.com/album?id=2742059
锦鲤抄,28188434,http://music.163.com/album?id=2742059
Backseat??stargazer,28188435,http://music.163.com/album?id=2742059
时光之河（Cover ）,28914334,http://music.163.com/album?id=2943108
眉目如画,29379418,http://music.163.com/album?id=3007937
情戒,29379419,http://music.163.com/album?id=3007938
锦鲤抄,28138493,http://music.163.com/album?id=2732390
七夕,29379442,http://music.163.com/album?id=3007940
